claim_amount,claim_line_count,total_charge_amount,total_allowed_amount,payer,provider_specialty,encounter_type,days_to_submit,authorization_status,documentation_complete,actual_denied,predicted_denied,denial_probability
12647,3,12647,9571,CareSecure,Neurology,EMERGENCY,8,APPROVED,YES,0,0,0.3123374102560031
6109,1,6109,4868,MediShield,Neurology,EMERGENCY,11,APPROVED,YES,0,0,0.22967799023758464
6530,1,6530,4740,MediShield,Cardiology,INPATIENT,3,APPROVED,NO,0,0,0.4531867108498727
1878,4,1878,1509,CareSecure,Neurology,EMERGENCY,6,APPROVED,YES,0,1,0.5877481962481964
4636,3,4636,3566,HealthPlus,Cardiology,EMERGENCY,3,MISSING,YES,1,1,0.6740792562947411
17162,3,17162,13077,CareSecure,Cardiology,INPATIENT,11,APPROVED,NO,1,1,0.6621686196944817
12319,4,12319,9883,HealthPlus,Cardiology,EMERGENCY,3,MISSING,YES,1,1,0.5344189397976079
22806,1,22806,18967,HealthPlus,Cardiology,INPATIENT,9,MISSING,YES,1,1,0.6113462023535657
20754,4,20754,15729,MediShield,General Medicine,OUTPATIENT,5,APPROVED,NO,1,1,0.7153814380064379
1539,2,1539,1247,CareSecure,Cardiology,EMERGENCY,1,APPROVED,NO,1,1,0.6207446177704796
3161,3,3161,2269,HealthPlus,Cardiology,EMERGENCY,6,APPROVED,YES,0,0,0.3016200754428277
15600,4,15600,14626,HealthPlus,Cardiology,OUTPATIENT,5,MISSING,NO,0,1,0.6202731037078864
17847,1,17847,13718,MediShield,Internal Medicine,EMERGENCY,7,APPROVED,YES,0,0,0.29900792434836637
20552,4,20552,15870,HealthPlus,Cardiology,EMERGENCY,6,MISSING,YES,1,1,0.7391090377468356
5091,3,5091,3334,MediShield,Cardiology,INPATIENT,9,APPROVED,YES,0,0,0.4273856683440019
10192,3,10192,7805,HealthPlus,Internal Medicine,INPATIENT,3,APPROVED,YES,0,0,0.23791620043374423
14383,3,14383,10066,CareSecure,Cardiology,OUTPATIENT,4,APPROVED,YES,0,0,0.31051422981695265
18086,3,18086,14319,HealthPlus,Internal Medicine,EMERGENCY,11,MISSING,YES,0,1,0.6119003913700204
17170,4,17170,15204,HealthPlus,Neurology,INPATIENT,3,APPROVED,YES,1,0,0.26489997855589253
5008,4,5008,3563,HealthPlus,Cardiology,OUTPATIENT,12,APPROVED,YES,0,0,0.27379201670055325
5553,3,5553,4518,CareSecure,Internal Medicine,OUTPATIENT,2,APPROVED,YES,0,0,0.31284889500743146
4006,2,4006,3314,HealthPlus,Internal Medicine,INPATIENT,1,MISSING,YES,0,1,0.6252219561444838
11323,3,11323,7881,MediShield,Internal Medicine,INPATIENT,1,APPROVED,NO,0,1,0.5417215005368361
13713,3,13713,9101,CareSecure,Neurology,INPATIENT,3,APPROVED,YES,1,1,0.5539538362871697
4687,3,4687,3589,MediShield,General Medicine,EMERGENCY,5,MISSING,YES,0,1,0.6703878755117146
12543,3,12543,10749,MediShield,Internal Medicine,OUTPATIENT,5,APPROVED,YES,0,0,0.22379821471164774
20507,1,20507,14034,CareSecure,Internal Medicine,INPATIENT,6,APPROVED,NO,0,1,0.8316565021823642
8800,1,8800,7171,HealthPlus,Neurology,OUTPATIENT,5,MISSING,NO,0,1,0.5998832394027079
19516,4,19516,15311,MediShield,Orthopedics,INPATIENT,10,MISSING,NO,0,1,0.8548141923436039
12659,4,12659,11745,HealthPlus,Cardiology,OUTPATIENT,11,APPROVED,NO,1,1,0.5221717296020032
5598,3,5598,4416,HealthPlus,Neurology,INPATIENT,6,APPROVED,YES,0,0,0.33307590194845105
21052,2,21052,14541,CareSecure,Neurology,EMERGENCY,10,MISSING,YES,1,1,0.7369638421614225
15019,2,15019,10166,MediShield,Cardiology,INPATIENT,11,APPROVED,YES,0,0,0.3896584674965281
13474,1,13474,9771,CareSecure,Orthopedics,OUTPATIENT,8,APPROVED,YES,0,0,0.3852558016372597
5583,3,5583,3802,CareSecure,Neurology,OUTPATIENT,4,MISSING,YES,1,1,0.5536305739467505
13916,4,13916,10061,MediShield,Internal Medicine,EMERGENCY,7,MISSING,NO,1,1,0.71232137625165
8342,4,8342,6634,MediShield,Internal Medicine,EMERGENCY,4,APPROVED,NO,1,1,0.5134533354660394
16886,2,16886,12795,HealthPlus,General Medicine,EMERGENCY,3,APPROVED,NO,1,0,0.37626017125885963
21987,4,21987,17415,CareSecure,General Medicine,INPATIENT,5,APPROVED,YES,1,1,0.6807497460723267
19796,2,19796,14540,CareSecure,Orthopedics,INPATIENT,2,APPROVED,NO,1,1,0.8197135549635546
